Dst_Port,Protocol,Flow_Packets,Flow_Bytes,Flow_Duration,Packet_Rate,Byte_Rate,TCP_Flags_Sum
443,6,6,348,156.65323519706726,0.03830115600518621,2.2214670483008,17
49475,6,5,330,156.64074182510376,0.031920175694665175,2.1067315958479016,17
443,6,178,93560,30533.112499952316,0.005829736486913281,3.0642143017730707,31
443,6,53,12968,30535.15510416031,0.001735704299493764,0.4246908180346251,27
49472,6,17,2271,152.23695707321167,0.11166802284299861,14.917534110379403,25
0,2,24,1200,30489.164633989334,0.0007871648924498505,0.03935824462249252,0
443,6,61,11440,26129.02673316002,0.0023345683948719632,0.4378272530710698,31
5353,17,41,4927,30538.31920194626,0.0013425755271228876,0.16133828346669432,0
0,2,30,1620,30487.892751932144,0.000983997163861014,0.05313584684849477,0
53,17,863,76824,30527.947722911835,0.02826917838804805,2.5165137433179647,0
55638,17,1,135,0.001,1000.0,135000.0,0
443,6,39,6506,2235.5516278743744,0.017445358681822214,2.910243681639367,223
443,6,13,8873,91.07973217964172,0.14273208417389022,97.42013714422522,24
30983,17,1,212,0.001,1000.0,212000.0,0
6942,17,1,256,0.001,1000.0,256000.0,0
49467,6,10,786,127.53824710845947,0.07840785197162013,6.162857164969343,28
49504,6,4,327,29.445883989334106,0.13584241524040783,11.105117445903339,25
49510,6,4,327,29.629451036453247,0.13500081372006462,11.036316521615282,25
443,6,5,294,29.954478979110718,0.16691994554426529,9.814892798002798,21
49509,6,4,327,29.799307107925415,0.13423130898691807,10.973409509680552,25
20002,17,28,10332,30510.157684087753,0.0009177271481164157,0.3386413176549574,0
55793,17,1,105,0.001,1000.0,105000.0,0
443,6,87,33335,11413.111706018448,0.007622811573299726,2.9207634919074295,223
49520,6,12,7246,0.9228310585021973,13.003463515279408,7851.92471930955,91
25959,17,1,146,0.001,1000.0,146000.0,0
19170,17,1,105,0.001,1000.0,105000.0,0
443,17,43,47340,0.6645870208740234,64.70183534949129,71232.2066382539,0
65229,17,30,6949,0.6893091201782227,43.52183820263893,10081.108455671265,0
21672,17,1,189,0.001,1000.0,189000.0,0
32979,17,1,150,0.001,1000.0,150000.0,0
443,17,11,5368,0.500424861907959,21.981321947236072,10726.885110251204,0
52195,17,13,11924,0.49958300590515137,26.021701791970326,23867.90555134263,0
57524,17,1,224,0.001,1000.0,224000.0,0
58727,17,1,206,0.001,1000.0,206000.0,0
443,6,637,49686,30491.96089887619,0.020890752225235773,1.6294786735683904,194
443,6,637,49686,30491.311091899872,0.020891197432609625,1.6295133997435507,194
443,6,637,49686,30490.773402929306,0.020891565838038147,1.6295421353669755,194
0,2,8,400,30374.99353313446,0.00026337454166939085,0.013168727083469544,0
59879,17,1,248,0.001,1000.0,248000.0,0
443,6,61,12936,30339.30330681801,0.0020105933014714864,0.42637762209565816,219
49522,6,10,5654,0.9815011024475098,10.188475565706046,5760.564084850199,91
49523,6,15,7432,1.1846249103546143,12.662235842659927,6273.715785509906,95
5353,17,42,4144,30452.187906980515,0.0013792112451260815,0.1360821761857734,0
18351,17,1,199,0.001,1000.0,199000.0,0
46802,17,1,161,0.001,1000.0,161000.0,0
44786,17,1,206,0.001,1000.0,206000.0,0
43722,17,1,179,0.001,1000.0,179000.0,0
443,17,120,40523,30459.95484495163,0.003939598748941959,1.330369667528125,0
61775,17,32,30146,1.3313491344451904,24.03576880931032,22643.196453920904,0
0,2,5,230,30135.571009874344,0.00016591688268862334,0.007632176603676674,0
5353,17,19,2184,30246.776489019394,0.0006281661124086279,0.0722060415526549,0
16167,17,1,248,0.001,1000.0,248000.0,0
14794,17,1,276,0.001,1000.0,276000.0,0
443,6,219,33662,30247.253576993942,0.00724032677686054,1.1128944290533311,223
49524,6,55,69006,57.79664611816406,0.9516123113364333,1193.9447119287622,91
123,17,37,3330,29628.46019911766,0.001248799287959685,0.11239193591637164,0
5223,6,269,52102,30358.071537971497,0.008860905399196328,1.716248673267387,159
137,17,36,3636,30003.89651107788,0.0011998441597979872,0.12118426013959671,0
123,17,24,2160,29628.24618911743,0.0008100378215709336,0.07290340394138403,0
64147,6,26,1944,2093.2868580818176,0.012420657923503655,0.9286830385881195,24
123,17,26,2340,27032.411776781082,0.0009618083733961226,0.08656275360565104,0
123,17,14,1260,12271.94923710823,0.0011408130631494504,0.10267317568345052,0
62939,17,1,268,0.001,1000.0,268000.0,0
52413,17,1,222,0.001,1000.0,222000.0,0
62601,17,1,150,0.001,1000.0,150000.0,0
443,6,265,53664,30116.845288991928,0.0087990623671617,1.7818599353636433,223
64262,6,33,38623,0.08289313316345215,398.10293978065977,465937.2679741946,90
52486,17,1,221,0.001,1000.0,221000.0,0
53288,17,1,174,0.001,1000.0,174000.0,0
64684,17,1,164,0.001,1000.0,164000.0,0
443,6,94,32737,19047.64646601677,0.004934992896246106,1.7186900260043485,223
64263,6,12,10154,1.0598609447479248,11.32224001598064,9580.502093522284,90
58021,17,2,360,1.0013580322265625e-05,199728.7619047619,35951177.14285714,0
50013,17,2,406,2.1457672119140625e-06,932067.5555555555,189209713.7777778,0
62855,17,2,438,9.5367431640625e-07,2097152.0,459276288.0,0
50027,17,2,266,9.5367431640625e-07,2097152.0,278921216.0,0
62918,17,2,554,9.5367431640625e-07,2097152.0,580911104.0,0
51128,17,1,149,0.001,1000.0,149000.0,0
64727,17,2,372,8.106231689453125e-06,246723.76470588235,45890620.23529412,0
60028,17,1,203,0.001,1000.0,203000.0,0
52685,17,2,452,2.86102294921875e-06,699050.6666666666,157985450.66666666,0
61210,17,1,219,0.001,1000.0,219000.0,0
62396,17,1,133,0.001,1000.0,133000.0,0
50614,17,1,149,0.001,1000.0,149000.0,0
62066,17,1,149,0.001,1000.0,149000.0,0
62608,17,1,180,0.001,1000.0,180000.0,0
64984,17,1,277,0.001,1000.0,277000.0,0
53274,17,1,226,0.001,1000.0,226000.0,0
49954,17,1,186,0.001,1000.0,186000.0,0
27637,17,1,137,0.001,1000.0,137000.0,0
31912,17,1,205,0.001,1000.0,205000.0,0
48784,17,1,137,0.001,1000.0,137000.0,0
55519,17,1,205,0.001,1000.0,205000.0,0
59580,17,1,255,0.001,1000.0,255000.0,0
63325,17,1,240,0.001,1000.0,240000.0,0
0,1,77,5390,29746.935173988342,0.0025885019599374134,0.18119513719561892,0
443,6,331,81417,30088.628599882126,0.011000833717004195,2.7059059780584005,223
57686,17,1,164,0.001,1000.0,164000.0,0
67,17,48,16418,29821.94891810417,0.0016095527536384578,0.5505341064424208,0
68,17,46,27140,29697.942792892456,0.001548928837286638,0.9138680139991163,0
5353,17,135,41050,30061.98992395401,0.004490720685540155,1.365511734380914,0
49526,6,11,7423,0.9031240940093994,12.179943014437521,8219.246999651794,90
49527,6,9,6825,0.5070981979370117,17.748041773001763,13458.93167785967,90
29467,17,1,215,0.001,1000.0,215000.0,0
25782,17,1,260,0.001,1000.0,260000.0,0
443,6,58,36628,5758.87172293663,0.010071417248103587,6.360273637302383,223
60283,17,1,135,0.001,1000.0,135000.0,0
49528,6,15,7940,1.2793169021606445,11.725007286831298,6206.4371904960335,90
49575,17,1,149,0.001,1000.0,149000.0,0
54432,17,1,149,0.001,1000.0,149000.0,0
59612,17,1,149,0.001,1000.0,149000.0,0
52561,17,1,154,0.001,1000.0,154000.0,0
53360,17,1,151,0.001,1000.0,151000.0,0
53089,17,1,203,0.001,1000.0,203000.0,0
55723,17,1,101,0.001,1000.0,101000.0,0
51352,17,1,180,0.001,1000.0,180000.0,0
59571,17,1,186,0.001,1000.0,186000.0,0
49203,17,1,277,0.001,1000.0,277000.0,0
52796,17,1,161,0.001,1000.0,161000.0,0
57458,17,1,133,0.001,1000.0,133000.0,0
443,6,1142,231962,29141.98818898201,0.03918744296354382,7.959717727416419,223
123,17,9,810,28525.494582891464,0.0003155072377044031,0.02839565139339628,0
49540,6,14,7341,4.362437009811401,3.209215392339901,1682.775013940515,91
49541,6,14,7341,4.445706844329834,3.1491055281469924,1651.2559772947907,91
49542,6,14,7527,4.409296989440918,3.1751093277513944,1707.0748507131962,91
49543,6,13,7472,4.410614967346191,2.9474347899884643,1694.094826984139,91
123,17,7,630,28525.49747610092,0.00024539449332530315,0.022085504399277284,0
59364,17,1,224,0.001,1000.0,224000.0,0
54182,17,1,206,0.001,1000.0,206000.0,0
53923,17,1,164,0.001,1000.0,164000.0,0
50188,17,1,248,0.001,1000.0,248000.0,0
49544,6,9,5590,0.6472930908203125,13.90405695292426,8635.964262982956,91
49545,6,9,5590,0.6510179042816162,13.824504580916711,8586.553400813824,91
5353,17,1,516,0.001,1000.0,516000.0,0
64688,17,2,204,7.152557373046875e-06,279620.26666666666,28521267.2,0
55752,17,2,372,9.5367431640625e-07,2097152.0,390070272.0,0
55591,17,1,149,0.001,1000.0,149000.0,0
49572,17,1,149,0.001,1000.0,149000.0,0
53933,17,1,149,0.001,1000.0,149000.0,0
65483,17,1,102,0.001,1000.0,102000.0,0
51762,17,1,218,0.001,1000.0,218000.0,0
53612,17,1,186,0.001,1000.0,186000.0,0
64510,17,1,126,0.001,1000.0,126000.0,0
4587,17,1,268,0.001,1000.0,268000.0,0
60488,17,1,305,0.001,1000.0,305000.0,0
62849,17,1,280,0.001,1000.0,280000.0,0
61520,17,1,268,0.001,1000.0,268000.0,0
65294,17,2,479,28189.19128704071,7.094917976307646e-05,0.016992328553256813,0
55774,17,1,163,0.001,1000.0,163000.0,0
58427,17,1,141,0.001,1000.0,141000.0,0
443,6,52,14452,1901.3259499073029,0.027349334816860416,7.601011284101283,223
63475,17,1,150,0.001,1000.0,150000.0,0
53400,17,1,149,0.001,1000.0,149000.0,0
56556,17,1,141,0.001,1000.0,141000.0,0
443,6,14,1828,0.515002965927124,27.18430946275576,3549.4941212798235,223
64274,6,36,40734,0.3192310333251953,112.77099104374167,127600.3763659937,90
64273,6,17,12042,0.3534109592437744,48.102639590963584,34073.646232610794,90
64275,6,14,11923,0.48143792152404785,29.079553923964628,24765.39438824502,91
5353,17,2,155,2.09808349609375e-05,95325.09090909091,7387694.545454546,0
49395,17,1,219,0.001,1000.0,219000.0,0
63712,17,1,203,0.001,1000.0,203000.0,0
56311,17,1,224,0.001,1000.0,224000.0,0
50363,17,1,144,0.001,1000.0,144000.0,0
57340,17,1,165,0.001,1000.0,165000.0,0
55462,17,1,323,0.001,1000.0,323000.0,0
49546,6,16,4831,2.6461830139160156,6.046444979752941,1825.6484810741538,91
49547,6,11,4164,2.333591938018799,4.713763285169263,1784.3736654040738,91
60433,17,1,128,0.001,1000.0,128000.0,0
49560,6,17,10309,4.108445167541504,4.137818397652563,2509.221756552957,91
61828,17,1,224,0.001,1000.0,224000.0,0
60617,17,1,206,0.001,1000.0,206000.0,0
55970,17,1,164,0.001,1000.0,164000.0,0
49561,6,14,7874,1.195847988128662,11.707173603150077,6584.448925085979,90
55253,17,1,144,0.001,1000.0,144000.0,0
44512,17,1,103,0.001,1000.0,103000.0,0
443,17,12,4308,0.07383298873901367,162.52897525817139,58347.90211768353,0
51180,17,17,13509,0.048638105392456055,349.52019333049026,277745.19362950546,0
57280,17,1,149,0.001,1000.0,149000.0,0
49172,17,1,149,0.001,1000.0,149000.0,0
59538,17,1,149,0.001,1000.0,149000.0,0
53047,17,1,126,0.001,1000.0,126000.0,0
60953,17,1,154,0.001,1000.0,154000.0,0
62691,17,1,128,0.001,1000.0,128000.0,0
54051,17,1,101,0.001,1000.0,101000.0,0
50881,17,1,203,0.001,1000.0,203000.0,0
62114,17,1,144,0.001,1000.0,144000.0,0
57578,17,1,186,0.001,1000.0,186000.0,0
60377,17,1,277,0.001,1000.0,277000.0,0
123,17,6,540,15027.598012924194,0.0003992654045470085,0.035933886409230766,0
64666,17,1,133,0.001,1000.0,133000.0,0
49576,6,14,7340,4.19101881980896,3.340476528959649,1751.3641230402732,91
49577,6,14,7340,4.191027879714966,3.3404693077231804,1751.360337049153,91
49578,6,14,7525,4.186655044555664,3.34395832735387,1797.377600952705,91
49579,6,14,7548,4.186637878417969,3.3439720383197478,1802.8786389455327,91
123,17,5,450,8263.670564174652,0.0006050580019097583,0.054455220171878246,0
49574,6,12,7490,0.8483231067657471,14.145553627261549,8829.183055682417,90
49575,6,11,6981,20.55608606338501,0.5351213244623189,339.6074514610407,91
5353,17,36,10327,27230.140336036682,0.0013220644313888161,0.3792488717486751,0
49401,17,2,547,26604.28440117836,7.51758615206886e-05,0.02056059812590833,0
61689,17,1,206,0.001,1000.0,206000.0,0
62345,17,1,164,0.001,1000.0,164000.0,0
61716,17,1,320,0.001,1000.0,320000.0,0
63952,17,1,290,0.001,1000.0,290000.0,0
51840,17,1,145,0.001,1000.0,145000.0,0
443,17,12,4892,0.04387497901916504,273.504404292895,111498.62881673686,0
58790,17,26,20898,0.04041886329650879,643.2640079278472,517035.8168336981,0
49626,17,1,281,0.001,1000.0,281000.0,0
62745,17,1,259,0.001,1000.0,259000.0,0
58842,17,2,317,3028.1433260440826,0.0006604707190702125,0.10468460897262867,0
443,6,46,9005,980.4055380821228,0.04691935960499118,9.184974635716209,223
55935,17,1,282,0.001,1000.0,282000.0,0
51998,17,1,260,0.001,1000.0,260000.0,0
61191,17,1,147,0.001,1000.0,147000.0,0
64282,6,15,6935,0.5285398960113525,28.380071425446026,13121.053022364546,95
64283,6,10,8022,0.12648797035217285,79.05890158690666,63421.05085301652,90
53915,17,1,221,0.001,1000.0,221000.0,0
54419,17,1,174,0.001,1000.0,174000.0,0
57556,17,1,164,0.001,1000.0,164000.0,0
58663,17,1,284,0.001,1000.0,284000.0,0
62734,17,1,238,0.001,1000.0,238000.0,0
63546,17,1,150,0.001,1000.0,150000.0,0
64285,6,19,9612,0.2780170440673828,68.34113377378037,34573.41988597773,91
64284,6,15,10371,31.67223286628723,0.4736009634472724,327.4477061274442,95
443,6,59,7660,984.0742681026459,0.05995482446030779,7.783965345185724,223
64286,6,21,18691,0.10449504852294922,200.96646010349454,178869.71932354363,90
64288,6,18,15226,0.49419498443603516,36.42287066215619,30809.70159455501,90
61587,17,1,253,0.001,1000.0,253000.0,0
57714,17,1,208,0.001,1000.0,208000.0,0
50054,17,1,149,0.001,1000.0,149000.0,0
443,6,16,2648,31.446919918060303,0.5087938673068909,84.20538503929045,223
64289,6,18,9724,31.44195008277893,0.5724835753701797,309.26834927220153,219
64287,6,18,12169,31.985925912857056,0.562747504919491,380.4485770758492,95
64498,17,1,207,0.001,1000.0,207000.0,0
56239,17,1,186,0.001,1000.0,186000.0,0
54253,17,1,151,0.001,1000.0,151000.0,0
443,6,98,14751,8254.436227083206,0.011872403796452777,1.7870390653211727,223
64290,6,21,12063,30.319416999816895,0.6926254551704217,397.8638507486094,95
64291,6,15,10371,31.549782037734985,0.4754391007221322,328.7185942392822,95
64295,6,15,10349,0.29704999923706055,50.496549532152194,34839.25274054954,90
64296,6,15,11583,0.3154728412628174,47.54767459523923,36716.31432244373,90
64297,6,15,10326,0.28886890411376953,51.92666910970911,35746.31901512375,90
53107,17,1,226,0.001,1000.0,226000.0,0
5223,6,55,31230,8245.547799110413,0.0066702663473655185,3.7874985096040934,222
64298,6,28,6254,21.49607515335083,1.302563365649349,290.9368317418224,90
61109,17,1,224,0.001,1000.0,224000.0,0
64224,17,1,206,0.001,1000.0,206000.0,0
54053,17,2,204,1.9073486328125e-06,1048576.0,106954752.0,0
52444,17,2,266,0.001,2000.0,266000.0,0
63727,17,2,202,1.1920928955078125e-06,1677721.6,169449881.6,0
51657,17,2,372,0.001,2000.0,372000.0,0
56912,17,2,224,9.5367431640625e-07,2097152.0,234881024.0,0
59629,17,2,468,6.198883056640625e-06,322638.76923076925,75497472.0,0
55850,17,2,238,9.5367431640625e-07,2097152.0,249561088.0,0
57081,17,1,149,0.001,1000.0,149000.0,0
62430,17,1,149,0.001,1000.0,149000.0,0
61237,17,1,149,0.001,1000.0,149000.0,0
62158,17,1,102,0.001,1000.0,102000.0,0
53477,17,1,133,0.001,1000.0,133000.0,0
54975,17,1,101,0.001,1000.0,101000.0,0
62970,17,1,186,0.001,1000.0,186000.0,0
59003,17,1,145,0.001,1000.0,145000.0,0
51942,17,1,112,0.001,1000.0,112000.0,0
51077,17,1,234,0.001,1000.0,234000.0,0
58888,17,1,147,0.001,1000.0,147000.0,0
64363,17,1,119,0.001,1000.0,119000.0,0
52088,17,1,151,0.001,1000.0,151000.0,0
52958,17,1,289,0.001,1000.0,289000.0,0
53461,17,2,462,2077.0148091316223,0.0009629204333098514,0.22243462009457568,0
49571,17,1,150,0.001,1000.0,150000.0,0
64308,6,37,41594,0.09193301200866699,402.46696144918894,452438.1295815558,90
58662,17,1,203,0.001,1000.0,203000.0,0
56979,17,1,144,0.001,1000.0,144000.0,0
56424,17,1,277,0.001,1000.0,277000.0,0
49580,6,14,1768,5.292324781417847,2.645340295281219,334.0686887183711,91
49581,6,9,1101,5.033207893371582,1.78812403355173,218.74717343782834,91
53120,17,1,128,0.001,1000.0,128000.0,0
49757,17,1,205,0.001,1000.0,205000.0,0
49594,6,17,10307,4.193826913833618,4.053576923721951,2457.6598442824793,91
52338,17,1,137,0.001,1000.0,137000.0,0
52426,17,1,135,0.001,1000.0,135000.0,0
49836,17,1,215,0.001,1000.0,215000.0,0
5839,17,1,260,0.001,1000.0,260000.0,0
54719,17,1,273,0.001,1000.0,273000.0,0
50707,17,1,241,0.001,1000.0,241000.0,0
54713,17,1,359,0.001,1000.0,359000.0,0
65515,17,1,327,0.001,1000.0,327000.0,0
52462,17,1,151,0.001,1000.0,151000.0,0
52753,17,2,277,3049.7376458644867,0.0006557941148518284,0.09082748490697823,0
443,6,32,5892,5362.6691789627075,0.005967177711713649,1.0987065961692755,223
443,6,31,5861,5368.0567309856415,0.00577490171090424,1.0918289976648305,223
64309,6,35,38739,0.06580090522766113,531.9075760265807,588730.5025055347,90
64310,6,17,10306,0.3812851905822754,44.58604850096234,27029.63622652458,90
63523,17,1,254,0.001,1000.0,254000.0,0
51777,17,1,205,0.001,1000.0,205000.0,0
64311,6,15,10059,0.15603089332580566,96.13480817980536,64468.00236537748,90
49595,6,13,8903,0.28908491134643555,44.96948643722526,30797.1798269705,91
57011,17,1,136,0.001,1000.0,136000.0,0
54794,17,1,186,0.001,1000.0,186000.0,0
59152,17,1,164,0.001,1000.0,164000.0,0
64312,6,15,10371,31.414106130599976,0.4774924977218671,330.1383129248989,95
443,6,45,19007,6390.601830005646,0.00704159032232497,2.974211272365127,223
55048,17,1,255,0.001,1000.0,255000.0,0
64951,17,1,240,0.001,1000.0,240000.0,0
50560,17,2,367,9019.74211192131,0.00022173582960388838,0.04068852473231352,0
49596,6,14,7874,1.1570868492126465,12.099351063860476,6805.020734059814,90
49597,6,10,7298,0.8705599308013916,11.486859946327334,8383.110388829688,90
51485,17,1,226,0.001,1000.0,226000.0,0
5223,6,132,17862,26231.367505073547,0.005032143290831833,0.6809404807639258,223
64319,6,96,11320,13114.259082078934,0.007320276303766727,0.8631825808191599,90
52987,17,1,224,0.001,1000.0,224000.0,0
61757,17,1,206,0.001,1000.0,206000.0,0
61375,17,1,149,0.001,1000.0,149000.0,0
58668,17,1,149,0.001,1000.0,149000.0,0
61018,17,1,149,0.001,1000.0,149000.0,0
65095,17,2,406,3.0994415283203125e-06,645277.5384615385,130991340.3076923,0
57255,17,2,302,9.5367431640625e-07,2097152.0,316669952.0,0
58387,17,2,372,0.004560947418212891,438.5053842132776,81562.00146366963,0
63698,17,2,468,9.5367431640625e-07,2097152.0,490733568.0,0
54887,17,2,266,1.9073486328125e-06,1048576.0,139460608.0,0
63697,17,2,202,9.5367431640625e-07,2097152.0,211812352.0,0
60824,17,2,232,0.001,2000.0,232000.0,0
50327,17,2,232,9.5367431640625e-07,2097152.0,243269632.0,0
56722,17,1,149,0.001,1000.0,149000.0,0
54099,17,1,203,0.001,1000.0,203000.0,0
53992,17,1,151,0.001,1000.0,151000.0,0
50487,17,1,149,0.001,1000.0,149000.0,0
49623,17,1,149,0.001,1000.0,149000.0,0
61160,17,1,186,0.001,1000.0,186000.0,0
51655,17,1,234,0.001,1000.0,234000.0,0
60875,17,1,133,0.001,1000.0,133000.0,0
52657,17,1,150,0.001,1000.0,150000.0,0
57433,17,1,101,0.001,1000.0,101000.0,0
59204,17,1,151,0.001,1000.0,151000.0,0
63286,17,1,116,0.001,1000.0,116000.0,0
59431,17,1,151,0.001,1000.0,151000.0,0
54814,17,1,116,0.001,1000.0,116000.0,0
56067,17,1,126,0.001,1000.0,126000.0,0
55222,17,1,154,0.001,1000.0,154000.0,0
51631,17,1,161,0.001,1000.0,161000.0,0
49612,6,14,7342,4.13175106048584,3.3883938782976397,1776.970561032948,91
49613,6,14,7525,4.131753921508789,3.3883915320125433,1821.260448456742,91
49611,6,14,7341,4.176614046096802,3.3519975380735767,1757.6438519284377,91
49614,6,11,3022,4.172451019287109,2.6363401149953876,724.2745297741874,91
57470,17,1,180,0.001,1000.0,180000.0,0
49349,17,1,219,0.001,1000.0,219000.0,0
63283,17,1,277,0.001,1000.0,277000.0,0
49610,6,11,7424,0.7864291667938232,13.987273697955114,9440.138175783524,90
49615,6,9,6825,0.48070502281188965,18.7225004376996,14197.89616525553,90
65156,17,1,149,0.001,1000.0,149000.0,0
58991,17,1,149,0.001,1000.0,149000.0,0
52701,17,1,149,0.001,1000.0,149000.0,0
58011,17,1,126,0.001,1000.0,126000.0,0
64742,17,1,305,0.001,1000.0,305000.0,0
65234,17,1,280,0.001,1000.0,280000.0,0
55483,17,1,128,0.001,1000.0,128000.0,0
58055,17,1,149,0.001,1000.0,149000.0,0
64329,6,15,11898,0.0759580135345459,197.47751819731255,156639.1674341083,90
49628,6,17,10308,4.135902166366577,4.110348677549749,2492.3220098931065,91
61590,17,1,101,0.001,1000.0,101000.0,0
63075,17,1,203,0.001,1000.0,203000.0,0
56606,17,1,224,0.001,1000.0,224000.0,0
50711,17,1,144,0.001,1000.0,144000.0,0
62492,17,1,323,0.001,1000.0,323000.0,0
50136,17,1,165,0.001,1000.0,165000.0,0
60447,17,1,224,0.001,1000.0,224000.0,0
51549,17,1,153,0.001,1000.0,153000.0,0
65535,17,1,119,0.001,1000.0,119000.0,0
80,6,6,825,0.13592004776000977,44.14359837920328,6069.744777140451,219
49629,6,5,1498,0.11306095123291016,44.22393359931845,13249.490506355807,27
61089,17,1,258,0.001,1000.0,258000.0,0
49419,17,1,236,0.001,1000.0,236000.0,0
55047,17,1,144,0.001,1000.0,144000.0,0
443,6,63,6568,6955.054676055908,0.009058160278292192,0.9443491540924305,223
64334,6,71,94728,0.16044402122497559,442.52194290520407,590411.5296834391,91
64336,6,7,5418,0.05803108215332031,120.6250123253903,93363.7595398521,90
58280,17,1,149,0.001,1000.0,149000.0,0
58564,17,1,149,0.001,1000.0,149000.0,0
57989,17,1,149,0.001,1000.0,149000.0,0
50096,17,1,154,0.001,1000.0,154000.0,0
58476,17,1,128,0.001,1000.0,128000.0,0
10628,17,1,137,0.001,1000.0,137000.0,0
16283,17,1,205,0.001,1000.0,205000.0,0
49642,6,11,2839,4.131960153579712,2.662174752694597,687.0831020818147,91
49643,6,14,7340,4.1319568157196045,3.388225149580083,1776.398042708415,91
49644,6,11,3023,4.131959915161133,2.662174906304975,731.6140674327216,91
49645,6,14,7525,4.131961822509766,3.388221043992212,1821.1688111458138,91
64706,17,1,101,0.001,1000.0,101000.0,0
50388,17,1,203,0.001,1000.0,203000.0,0
62460,17,1,144,0.001,1000.0,144000.0,0
51262,17,1,186,0.001,1000.0,186000.0,0
60698,17,1,277,0.001,1000.0,277000.0,0
63980,17,2,367,12009.377897024155,0.00016653651980554188,0.030559451384316934,0
5353,17,6,1871,3.4873478412628174,1.7205051727295766,536.5108630295064,0
5353,17,3,240,23131.22011399269,0.00012969484468245668,0.010375587574596534,0
63494,17,1,149,0.001,1000.0,149000.0,0
51159,17,1,151,0.001,1000.0,151000.0,0
53453,17,1,255,0.001,1000.0,255000.0,0
57124,17,1,240,0.001,1000.0,240000.0,0
52638,17,1,164,0.001,1000.0,164000.0,0
64502,17,1,203,0.001,1000.0,203000.0,0
50854,17,1,180,0.001,1000.0,180000.0,0
65428,17,1,101,0.001,1000.0,101000.0,0
62070,17,1,186,0.001,1000.0,186000.0,0
61906,17,1,277,0.001,1000.0,277000.0,0
49932,17,1,133,0.001,1000.0,133000.0,0
55391,17,1,149,0.001,1000.0,149000.0,0
56553,17,1,149,0.001,1000.0,149000.0,0
49987,17,1,161,0.001,1000.0,161000.0,0
49658,6,15,10200,0.13734197616577148,109.21642762657667,74267.17078607214,90
28243,17,1,224,0.001,1000.0,224000.0,0
29951,17,1,281,0.001,1000.0,281000.0,0
443,6,82,46371,11059.454493045807,0.00741447058275448,4.192883114547659,223
49659,6,14,7877,0.6251978874206543,22.392909959691412,12599.210839463518,90
58359,17,1,135,0.001,1000.0,135000.0,0
63575,17,1,149,0.001,1000.0,149000.0,0
50331,17,1,149,0.001,1000.0,149000.0,0
51710,17,1,149,0.001,1000.0,149000.0,0
56533,17,1,126,0.001,1000.0,126000.0,0
54756,17,1,154,0.001,1000.0,154000.0,0
53117,17,1,128,0.001,1000.0,128000.0,0
55124,17,1,203,0.001,1000.0,203000.0,0
52092,17,1,219,0.001,1000.0,219000.0,0
64156,17,1,144,0.001,1000.0,144000.0,0
56458,17,1,186,0.001,1000.0,186000.0,0
64130,17,1,277,0.001,1000.0,277000.0,0
49674,6,14,7546,4.127624034881592,3.391781780920271,1828.1703799160261,91
49673,6,14,7547,4.127667188644409,3.391746320661531,1828.3935344308982,91
49675,6,11,2839,4.1271679401397705,2.6652659061960717,687.8809006991497,91
49672,6,14,7341,4.180404901504517,3.348957895193702,1756.0499934726404,91
63724,17,1,133,0.001,1000.0,133000.0,0
57683,17,3,692,13334.198477983475,0.0002249854016312564,0.05189663264294315,0
50999,17,1,206,0.001,1000.0,206000.0,0
60264,17,1,164,0.001,1000.0,164000.0,0
62637,17,1,149,0.001,1000.0,149000.0,0
51822,17,1,149,0.001,1000.0,149000.0,0
58650,17,1,149,0.001,1000.0,149000.0,0
54065,17,1,203,0.001,1000.0,203000.0,0
57401,17,1,277,0.001,1000.0,277000.0,0
50807,17,1,101,0.001,1000.0,101000.0,0
50994,17,1,144,0.001,1000.0,144000.0,0
57490,17,1,186,0.001,1000.0,186000.0,0
51681,17,1,133,0.001,1000.0,133000.0,0
50888,17,1,149,0.001,1000.0,149000.0,0
63243,17,1,149,0.001,1000.0,149000.0,0
51058,17,1,149,0.001,1000.0,149000.0,0
53690,17,1,126,0.001,1000.0,126000.0,0
56304,17,1,154,0.001,1000.0,154000.0,0
56240,17,1,305,0.001,1000.0,305000.0,0
64550,17,1,280,0.001,1000.0,280000.0,0
62360,17,1,128,0.001,1000.0,128000.0,0
57788,17,1,203,0.001,1000.0,203000.0,0
51874,17,1,224,0.001,1000.0,224000.0,0
55847,17,1,323,0.001,1000.0,323000.0,0
50085,17,1,144,0.001,1000.0,144000.0,0
54507,17,1,101,0.001,1000.0,101000.0,0
123,17,4,360,16655.342050790787,0.0002401631853492965,0.021614686681436686,0
64655,17,1,149,0.001,1000.0,149000.0,0
49688,6,17,10309,4.114333868026733,4.131896084591047,2505.630396238183,91
56983,17,1,165,0.001,1000.0,165000.0,0
64344,6,15,11898,0.06938409805297852,216.18786466816485,171480.21425478836,90
123,17,2,180,0.10347914695739746,19.327565589842013,1739.4809030857812,0
58897,17,1,224,0.001,1000.0,224000.0,0
64895,17,1,206,0.001,1000.0,206000.0,0
60273,17,1,164,0.001,1000.0,164000.0,0
57423,17,1,149,0.001,1000.0,149000.0,0
54928,17,1,149,0.001,1000.0,149000.0,0
56631,17,1,149,0.001,1000.0,149000.0,0
55396,17,1,151,0.001,1000.0,151000.0,0
54914,17,1,203,0.001,1000.0,203000.0,0
51357,17,1,140,0.001,1000.0,140000.0,0
58986,17,1,180,0.001,1000.0,180000.0,0
63806,17,1,186,0.001,1000.0,186000.0,0
56264,17,1,277,0.001,1000.0,277000.0,0
61430,17,1,135,0.001,1000.0,135000.0,0
59687,17,1,165,0.001,1000.0,165000.0,0
443,6,65,22654,19094.160268068314,0.003404182173368539,1.1864360454690905,31
62804,17,1,128,0.001,1000.0,128000.0,0
49702,6,14,8794,0.21608400344848633,64.78961781794992,40697.135649360825,26
49703,6,14,8792,0.22926092147827148,61.065793113489114,38349.31807527116,26
49704,6,14,8977,0.22049403190612793,63.49378202653708,40713.12008944453,26
49705,6,12,7418,0.2635009288787842,45.54063642606833,28151.703417381243,26
49701,6,13,7557,0.8280549049377441,15.699442056897643,9126.206432613499,26
53126,17,1,255,0.001,1000.0,255000.0,0
60343,17,1,240,0.001,1000.0,240000.0,0
64185,17,1,164,0.001,1000.0,164000.0,0
49706,6,9,6825,0.5319201946258545,16.91983137870988,12830.872128854993,26
64080,17,1,149,0.001,1000.0,149000.0,0
60226,17,1,149,0.001,1000.0,149000.0,0
63527,17,1,149,0.001,1000.0,149000.0,0
52748,17,1,154,0.001,1000.0,154000.0,0
50003,17,1,126,0.001,1000.0,126000.0,0
52362,17,1,161,0.001,1000.0,161000.0,0
56438,17,1,219,0.001,1000.0,219000.0,0
49410,17,1,203,0.001,1000.0,203000.0,0
64417,17,1,144,0.001,1000.0,144000.0,0
52518,17,1,186,0.001,1000.0,186000.0,0
65169,17,1,277,0.001,1000.0,277000.0,0
49719,6,17,10330,4.106822967529297,4.139452840896952,2515.3263439097364,27
52020,17,1,133,0.001,1000.0,133000.0,0
123,17,8,720,10980.373935937881,0.000728572637568985,0.06557153738120866,0
123,17,2,180,2798.8176851272583,0.0007145874526332582,0.06431287073699324,0
51616,17,1,224,0.001,1000.0,224000.0,0
52835,17,2,385,6773.139484882355,0.0002952840413908498,0.05684217796773858,0
61622,17,1,164,0.001,1000.0,164000.0,0
49720,6,14,7875,0.6652278900146484,21.045419487285354,11838.048461598011,26
63458,17,1,149,0.001,1000.0,149000.0,0
57425,17,1,149,0.001,1000.0,149000.0,0
62550,17,1,149,0.001,1000.0,149000.0,0
55930,17,1,144,0.001,1000.0,144000.0,0
49442,17,1,186,0.001,1000.0,186000.0,0
51961,17,1,277,0.001,1000.0,277000.0,0
56257,17,1,101,0.001,1000.0,101000.0,0
62496,17,1,133,0.001,1000.0,133000.0,0
34411,17,1,248,0.001,1000.0,248000.0,0
7853,17,1,276,0.001,1000.0,276000.0,0
443,6,139,23956,17092.73467898369,0.008132110081302962,1.4015311446596672,31
49721,6,10,1783,0.030697107315063477,325.7635938580072,58083.64878488268,26
61132,17,1,224,0.001,1000.0,224000.0,0
54606,17,1,206,0.001,1000.0,206000.0,0
59047,17,1,164,0.001,1000.0,164000.0,0
61975,17,1,149,0.001,1000.0,149000.0,0
57473,17,1,149,0.001,1000.0,149000.0,0
57775,17,1,149,0.001,1000.0,149000.0,0
52572,17,1,126,0.001,1000.0,126000.0,0
50410,17,1,154,0.001,1000.0,154000.0,0
62006,17,1,305,0.001,1000.0,305000.0,0
57168,17,1,280,0.001,1000.0,280000.0,0
52506,17,1,149,0.001,1000.0,149000.0,0
63674,17,1,203,0.001,1000.0,203000.0,0
57965,17,1,101,0.001,1000.0,101000.0,0
61193,17,1,224,0.001,1000.0,224000.0,0
54757,17,1,144,0.001,1000.0,144000.0,0
65061,17,1,323,0.001,1000.0,323000.0,0
64357,6,15,11898,0.07644891738891602,196.2094495555902,155633.33538749415,26
55617,17,1,133,0.001,1000.0,133000.0,0
64140,17,1,128,0.001,1000.0,128000.0,0
49734,6,12,7233,0.08907008171081543,134.72537320624113,81205.71870006183,26
49738,6,15,10221,0.08906197547912598,168.4220445291565,114762.78114216724,26
49735,6,12,7234,0.13439297676086426,89.29038026557386,53827.21757009677,26
49736,6,12,7417,0.13571596145629883,88.41996085968161,54650.90414135488,26
49737,6,12,7417,0.13994789123535156,85.74620091859403,52998.29768443433,26
58620,17,1,149,0.001,1000.0,149000.0,0
59904,17,1,149,0.001,1000.0,149000.0,0
51214,17,1,149,0.001,1000.0,149000.0,0
61925,17,1,151,0.001,1000.0,151000.0,0
59875,17,1,203,0.001,1000.0,203000.0,0
64892,17,1,101,0.001,1000.0,101000.0,0
61561,17,1,180,0.001,1000.0,180000.0,0
50588,17,1,277,0.001,1000.0,277000.0,0
58635,17,1,186,0.001,1000.0,186000.0,0
49275,17,1,135,0.001,1000.0,135000.0,0
53003,17,1,165,0.001,1000.0,165000.0,0
51220,17,1,255,0.001,1000.0,255000.0,0
59922,17,1,240,0.001,1000.0,240000.0,0
62249,17,1,164,0.001,1000.0,164000.0,0
21331,17,1,145,0.001,1000.0,145000.0,0
36128,17,1,187,0.001,1000.0,187000.0,0
443,6,13,3411,0.030435800552368164,427.1285710928504,112071.96584597789,27
49751,6,10,2740,0.025990962982177734,384.74911479259544,105421.25745317116,27
65032,17,1,149,0.001,1000.0,149000.0,0
62221,17,1,149,0.001,1000.0,149000.0,0
51612,17,1,149,0.001,1000.0,149000.0,0
49555,17,1,126,0.001,1000.0,126000.0,0
52940,17,1,154,0.001,1000.0,154000.0,0
56666,17,1,90,0.001,1000.0,90000.0,0
62324,17,1,90,0.001,1000.0,90000.0,0
53137,17,1,219,0.001,1000.0,219000.0,0
65155,17,1,203,0.001,1000.0,203000.0,0
64068,17,1,144,0.001,1000.0,144000.0,0
64740,17,2,288,10904.443151950836,0.00018341147476587966,0.02641125236628667,0
49530,17,1,277,0.001,1000.0,277000.0,0
52958,17,1,90,0.001,1000.0,90000.0,0
58760,17,1,133,0.001,1000.0,133000.0,0
53167,17,1,161,0.001,1000.0,161000.0,0
49765,6,12,7256,0.09944391250610352,120.67103654297071,72965.75342964963,26
49766,6,12,7417,0.0994260311126709,120.69273876980407,74598.17028796973,26
49764,6,12,7233,0.1436169147491455,83.55561753265833,50363.14846780981,26
49767,6,9,2916,0.14360499382019043,62.671915234849074,20305.7005360911,26
49768,6,12,5698,0.14479494094848633,82.87582370898744,39352.2036244842,26
49769,6,14,7877,0.6159629821777344,22.728638579063734,12788.106149091787,26
62949,17,1,284,0.001,1000.0,284000.0,0
55780,17,1,238,0.001,1000.0,238000.0,0
50227,17,1,150,0.001,1000.0,150000.0,0
61793,17,1,268,0.001,1000.0,268000.0,0
56351,17,1,222,0.001,1000.0,222000.0,0
49770,6,13,8903,0.2613189220428467,49.747641305012266,34069.48081065571,27
64364,6,35,38739,0.05087900161743164,687.9065800695402,761394.6572946833,26
49771,6,14,8832,0.31035494804382324,45.109640069354235,28457.738649466897,27
59820,17,1,149,0.001,1000.0,149000.0,0
52298,17,1,149,0.001,1000.0,149000.0,0
50089,17,1,149,0.001,1000.0,149000.0,0
7924,17,1,137,0.001,1000.0,137000.0,0
46894,17,1,205,0.001,1000.0,205000.0,0
32971,17,1,137,0.001,1000.0,137000.0,0
8213,17,1,205,0.001,1000.0,205000.0,0
54987,17,1,203,0.001,1000.0,203000.0,0
55369,17,1,101,0.001,1000.0,101000.0,0
61738,17,1,144,0.001,1000.0,144000.0,0
59902,17,1,277,0.001,1000.0,277000.0,0
49540,17,1,186,0.001,1000.0,186000.0,0
60547,17,1,133,0.001,1000.0,133000.0,0
49183,17,1,224,0.001,1000.0,224000.0,0
58539,17,1,206,0.001,1000.0,206000.0,0
61318,17,1,164,0.001,1000.0,164000.0,0
18947,17,1,199,0.001,1000.0,199000.0,0
1478,17,1,161,0.001,1000.0,161000.0,0
443,6,40,11021,13411.633866071701,0.0029824852362836008,0.8217492447270391,31
49772,6,19,4302,3.7613139152526855,5.051426290943753,1143.7492580863172,26
8221,17,1,179,0.001,1000.0,179000.0,0
44959,17,1,220,0.001,1000.0,220000.0,0
53542,17,67,69501,3.0199170112609863,22.186040129633795,23014.208582831023,0
65052,17,1,149,0.001,1000.0,149000.0,0
50018,17,1,149,0.001,1000.0,149000.0,0
52624,17,1,149,0.001,1000.0,149000.0,0
57781,17,1,126,0.001,1000.0,126000.0,0
60783,17,1,203,0.001,1000.0,203000.0,0
52906,17,1,144,0.001,1000.0,144000.0,0
64712,17,1,101,0.001,1000.0,101000.0,0
61690,17,1,186,0.001,1000.0,186000.0,0
64563,17,1,277,0.001,1000.0,277000.0,0
63293,17,1,133,0.001,1000.0,133000.0,0
57389,17,1,90,0.001,1000.0,90000.0,0
55507,17,1,90,0.001,1000.0,90000.0,0
56388,17,1,90,0.001,1000.0,90000.0,0
54646,17,1,149,0.001,1000.0,149000.0,0
55193,17,1,149,0.001,1000.0,149000.0,0
52688,17,1,149,0.001,1000.0,149000.0,0
64790,17,1,151,0.001,1000.0,151000.0,0
64607,17,1,154,0.001,1000.0,154000.0,0
49787,17,1,305,0.001,1000.0,305000.0,0
64922,17,1,280,0.001,1000.0,280000.0,0
58880,17,1,101,0.001,1000.0,101000.0,0
60046,17,1,203,0.001,1000.0,203000.0,0
61883,17,1,144,0.001,1000.0,144000.0,0
64888,17,1,224,0.001,1000.0,224000.0,0
55775,17,1,323,0.001,1000.0,323000.0,0
58209,17,1,133,0.001,1000.0,133000.0,0
53664,17,1,149,0.001,1000.0,149000.0,0
64371,6,16,12267,31.041424036026,0.5154402704409033,395.1816123436601,27
52663,17,1,90,0.001,1000.0,90000.0,0
56753,17,1,90,0.001,1000.0,90000.0,0
51290,17,1,90,0.001,1000.0,90000.0,0
62979,17,1,128,0.001,1000.0,128000.0,0
49797,6,17,10307,4.1168599128723145,4.129360813771091,2503.6071710316837,27
49798,6,14,7364,4.1168529987335205,3.400655793225277,1788.7449472364956,27
49799,6,14,7342,4.115389108657837,3.4018654446422096,1784.035435325936,27
49800,6,11,3023,4.176507949829102,2.633779255813486,723.8104263931062,27
49801,6,11,3045,4.176494836807251,2.633787525141303,729.0802740050243,27
53511,17,1,224,0.001,1000.0,224000.0,0
61221,17,1,206,0.001,1000.0,206000.0,0
63025,17,1,164,0.001,1000.0,164000.0,0
44898,17,1,212,0.001,1000.0,212000.0,0
32902,17,1,256,0.001,1000.0,256000.0,0
49802,6,15,8894,0.7767131328582764,19.31214931927382,11450.817069708091,26
49803,6,1,74,0.001,1000.0,74000.0,18
49804,6,1,74,0.001,1000.0,74000.0,18
49805,6,1,74,0.001,1000.0,74000.0,18
63461,17,1,248,0.001,1000.0,248000.0,0
35069,17,1,276,0.001,1000.0,276000.0,0
49806,6,55,69315,0.03271293640136719,1681.2920529415194,2118886.5209025713,26
443,6,28,13787,5935.5126140117645,0.004717368460122778,2.3227985342754547,31
49807,6,14,7876,1.000229835510254,13.996783042227577,7874.190231470314,26
50779,17,1,186,0.001,1000.0,186000.0,0
49908,17,1,251,0.001,1000.0,251000.0,0
53670,17,1,156,0.001,1000.0,156000.0,0
443,6,10,1492,1.2112600803375244,8.255865245070607,1231.7750945645346,27
443,6,2,132,0.3630208969116211,5.509324716606901,363.6154312960555,6
64378,6,12,8136,0.956017017364502,12.552077820833123,8510.308762524857,31
64379,6,1,74,0.001,1000.0,74000.0,18
55033,17,1,226,0.001,1000.0,226000.0,0
64380,6,37,6854,2265.828709125519,0.01632956624257793,3.024941811530517,26
5353,17,13,6805,5.1189658641815186,2.5395754425642365,1329.3700682038177,0
5353,17,9,886,7910.128726005554,0.0011377817367764643,0.11200829097599414,0
52647,17,1,224,0.001,1000.0,224000.0,0
64872,17,1,206,0.001,1000.0,206000.0,0
55056,17,2,358,3.0994415283203125e-06,645277.5384615385,115504679.38461539,0
61877,17,2,468,9.5367431640625e-07,2097152.0,490733568.0,0
51442,17,2,302,2.1457672119140625e-06,932067.5555555555,140742200.8888889,0
61582,17,2,202,9.5367431640625e-07,2097152.0,211812352.0,0
62709,17,1,149,0.001,1000.0,149000.0,0
63570,17,1,149,0.001,1000.0,149000.0,0
62287,17,1,149,0.001,1000.0,149000.0,0
62174,17,1,101,0.001,1000.0,101000.0,0
54243,17,2,300,4206.746812820435,0.00047542675825053754,0.07131401373758063,0
62711,17,1,126,0.001,1000.0,126000.0,0
19806,17,1,137,0.001,1000.0,137000.0,0
46987,17,1,205,0.001,1000.0,205000.0,0
23972,17,1,137,0.001,1000.0,137000.0,0
20212,17,1,205,0.001,1000.0,205000.0,0
54625,17,1,203,0.001,1000.0,203000.0,0
54905,17,1,180,0.001,1000.0,180000.0,0
60896,17,1,186,0.001,1000.0,186000.0,0
64298,17,1,277,0.001,1000.0,277000.0,0
56716,17,1,165,0.001,1000.0,165000.0,0
57635,17,1,135,0.001,1000.0,135000.0,0
63660,17,1,90,0.001,1000.0,90000.0,0
49666,17,1,90,0.001,1000.0,90000.0,0
54695,17,1,149,0.001,1000.0,149000.0,0
54746,17,1,149,0.001,1000.0,149000.0,0
58161,17,1,149,0.001,1000.0,149000.0,0
49980,17,1,126,0.001,1000.0,126000.0,0
57477,17,1,154,0.001,1000.0,154000.0,0
63912,17,1,90,0.001,1000.0,90000.0,0
56425,17,1,90,0.001,1000.0,90000.0,0
57383,17,1,219,0.001,1000.0,219000.0,0
61479,17,1,203,0.001,1000.0,203000.0,0
54499,17,1,144,0.001,1000.0,144000.0,0
62809,17,1,186,0.001,1000.0,186000.0,0
51433,17,1,277,0.001,1000.0,277000.0,0
53368,17,1,90,0.001,1000.0,90000.0,0
60338,17,1,133,0.001,1000.0,133000.0,0
64723,17,1,161,0.001,1000.0,161000.0,0
49833,6,12,7232,0.0945291519165039,126.9449662533671,76505.49966202924,26
49832,6,12,7255,0.13724994659423828,87.4317280098946,52859.76555931544,26
49834,6,12,7416,0.09480500221252441,126.57559959863293,78223.72055195515,26
49836,6,15,10202,0.0948030948638916,158.22268272502535,107612.5206107139,26
49835,6,12,7416,0.14206194877624512,84.4701913733467,52202.578268728255,26
50254,17,1,255,0.001,1000.0,255000.0,0
54125,17,1,240,0.001,1000.0,240000.0,0
51361,17,1,164,0.001,1000.0,164000.0,0
59849,17,1,149,0.001,1000.0,149000.0,0
57248,17,1,149,0.001,1000.0,149000.0,0
50404,17,1,149,0.001,1000.0,149000.0,0
53981,17,1,203,0.001,1000.0,203000.0,0
58865,17,1,144,0.001,1000.0,144000.0,0
63294,17,1,101,0.001,1000.0,101000.0,0
49178,17,1,186,0.001,1000.0,186000.0,0
57222,17,1,277,0.001,1000.0,277000.0,0
54058,17,1,133,0.001,1000.0,133000.0,0
49838,6,16,8569,0.8166029453277588,19.593365529165588,10493.471826213745,26
49839,6,5,4434,0.2708601951599121,18.459707588440853,16370.068689429349,26
49837,6,5,4434,0.2969319820404053,16.83887321817567,14932.712769878186,26
61177,17,1,149,0.001,1000.0,149000.0,0
60674,17,1,149,0.001,1000.0,149000.0,0
54586,17,1,149,0.001,1000.0,149000.0,0
64302,17,1,126,0.001,1000.0,126000.0,0
50045,17,1,154,0.001,1000.0,154000.0,0
62395,17,1,224,0.001,1000.0,224000.0,0
61383,17,1,206,0.001,1000.0,206000.0,0
62366,17,1,164,0.001,1000.0,164000.0,0
53341,17,1,90,0.001,1000.0,90000.0,0
65477,17,1,90,0.001,1000.0,90000.0,0
51948,17,1,203,0.001,1000.0,203000.0,0
49702,17,1,101,0.001,1000.0,101000.0,0
61485,17,1,144,0.001,1000.0,144000.0,0
49593,17,1,186,0.001,1000.0,186000.0,0
61347,17,1,277,0.001,1000.0,277000.0,0
56753,17,1,133,0.001,1000.0,133000.0,0
59691,17,1,90,0.001,1000.0,90000.0,0
58262,17,1,186,0.001,1000.0,186000.0,0
64403,6,47,7588,3637.4513478279114,0.012921135021659012,2.0860760115818846,26
56660,17,1,224,0.001,1000.0,224000.0,0
55651,17,1,206,0.001,1000.0,206000.0,0
62413,17,1,149,0.001,1000.0,149000.0,0
65478,17,1,149,0.001,1000.0,149000.0,0
54781,17,1,149,0.001,1000.0,149000.0,0
57003,17,2,204,1.9073486328125e-06,1048576.0,106954752.0,0
51257,17,2,266,2.1457672119140625e-06,932067.5555555555,123964984.8888889,0
61755,17,1,149,0.001,1000.0,149000.0,0
57059,17,1,102,0.001,1000.0,102000.0,0
64421,17,1,133,0.001,1000.0,133000.0,0
55184,17,1,234,0.001,1000.0,234000.0,0
54772,17,1,151,0.001,1000.0,151000.0,0
61395,17,1,149,0.001,1000.0,149000.0,0
55797,17,1,149,0.001,1000.0,149000.0,0
64348,17,2,202,9.5367431640625e-07,2097152.0,211812352.0,0
56883,17,1,305,0.001,1000.0,305000.0,0
64638,17,1,280,0.001,1000.0,280000.0,0
50725,17,1,101,0.001,1000.0,101000.0,0
62901,17,1,149,0.001,1000.0,149000.0,0
64412,6,15,11898,0.07489490509033203,200.28064635248876,158862.6086867941,26
65057,17,1,203,0.001,1000.0,203000.0,0
53216,17,1,90,0.001,1000.0,90000.0,0
62904,17,1,180,0.001,1000.0,180000.0,0
51082,17,1,224,0.001,1000.0,224000.0,0
60914,17,1,323,0.001,1000.0,323000.0,0
57346,17,1,90,0.001,1000.0,90000.0,0
53733,17,1,90,0.001,1000.0,90000.0,0
64380,17,1,161,0.001,1000.0,161000.0,0
45179,17,1,137,0.001,1000.0,137000.0,0
10296,17,1,205,0.001,1000.0,205000.0,0
49865,6,12,7232,0.10486102104187012,114.43718438721383,68967.47645736087,26
49868,6,12,7417,0.10485696792602539,114.44160781442558,70734.45042996621,26
49864,6,15,10201,0.15279412269592285,98.17131533162211,66763.03917985848,26
49866,6,9,2731,0.14931011199951172,60.27723025235848,18290.790646576777,26
49867,6,9,2914,0.14716601371765137,61.15542422224706,19800.76735373644,26
60198,17,1,255,0.001,1000.0,255000.0,0
58871,17,1,240,0.001,1000.0,240000.0,0
50609,17,1,164,0.001,1000.0,164000.0,0
62200,17,1,135,0.001,1000.0,135000.0,0
36082,17,1,215,0.001,1000.0,215000.0,0
23157,17,1,260,0.001,1000.0,260000.0,0
61893,17,1,149,0.001,1000.0,149000.0,0
53228,17,1,149,0.001,1000.0,149000.0,0
56652,17,1,126,0.001,1000.0,126000.0,0
54866,17,1,154,0.001,1000.0,154000.0,0
62312,17,1,90,0.001,1000.0,90000.0,0
49892,17,1,90,0.001,1000.0,90000.0,0
59209,17,1,203,0.001,1000.0,203000.0,0
62117,17,1,219,0.001,1000.0,219000.0,0
64469,17,1,144,0.001,1000.0,144000.0,0
49938,17,2,335,1666.9283289909363,0.0011998116326997013,0.20096844847719997,0
59370,17,1,277,0.001,1000.0,277000.0,0
55148,17,1,90,0.001,1000.0,90000.0,0
54324,17,1,165,0.001,1000.0,165000.0,0
49830,17,1,224,0.001,1000.0,224000.0,0
60177,17,1,206,0.001,1000.0,206000.0,0
49611,17,1,164,0.001,1000.0,164000.0,0
43275,17,1,129,0.001,1000.0,129000.0,0
25703,17,1,95,0.001,1000.0,95000.0,0
443,17,14,7741,0.25012803077697754,55.97133578556362,30948.150736860567,0
25925,17,1,167,0.001,1000.0,167000.0,0
59050,17,1,129,0.001,1000.0,129000.0,0
443,6,60,11627,7112.77569103241,0.008435525399127423,1.6346642302609091,31
49881,6,14,4775,0.949146032333374,14.75010116787034,5030.8380768986335,26
53685,17,18,7798,0.23972702026367188,75.08540330665309,32528.665276960044,0
52802,17,1,170,0.001,1000.0,170000.0,0
24065,17,1,132,0.001,1000.0,132000.0,0
63495,17,1,149,0.001,1000.0,149000.0,0
50043,17,1,149,0.001,1000.0,149000.0,0
64273,17,1,149,0.001,1000.0,149000.0,0
62327,17,1,203,0.001,1000.0,203000.0,0
52941,17,1,101,0.001,1000.0,101000.0,0
60036,17,1,144,0.001,1000.0,144000.0,0
62635,17,1,186,0.001,1000.0,186000.0,0
50913,17,1,277,0.001,1000.0,277000.0,0
60906,17,1,133,0.001,1000.0,133000.0,0
49882,6,17,9030,0.7871930599212646,21.59571884653092,11471.13771671613,26
62115,17,1,224,0.001,1000.0,224000.0,0
64431,17,1,206,0.001,1000.0,206000.0,0
50255,17,1,164,0.001,1000.0,164000.0,0
49884,6,1,74,0.001,1000.0,74000.0,18
49883,6,1,74,0.001,1000.0,74000.0,18
443,6,67,41505,6205.8459379673,0.010796271881339288,6.688048722910255,31
49885,6,14,7876,1.1366009712219238,12.317427447689967,6929.432755571871,26
51638,17,1,149,0.001,1000.0,149000.0,0
56259,17,1,149,0.001,1000.0,149000.0,0
62424,17,1,126,0.001,1000.0,126000.0,0
49859,17,1,154,0.001,1000.0,154000.0,0
50834,17,1,128,0.001,1000.0,128000.0,0
49899,6,14,7340,4.1208579540252686,3.3973507837912127,1781.1824823591073,27
49901,6,14,7525,4.118218898773193,3.3995278891490113,1827.2462404175935,27
54922,17,1,90,0.001,1000.0,90000.0,0
49898,6,14,7340,4.176485061645508,3.352101059469393,1757.4586983218103,27
49900,6,14,7525,4.176473140716553,3.3521106273888392,1801.759462221501,27
49902,6,14,5805,4.214707136154175,3.3217017334150256,1377.3198973195874,27
63820,17,1,90,0.001,1000.0,90000.0,0
64512,17,1,203,0.001,1000.0,203000.0,0
59141,17,1,101,0.001,1000.0,101000.0,0
54515,17,1,144,0.001,1000.0,144000.0,0
63557,17,1,186,0.001,1000.0,186000.0,0
57522,17,1,90,0.001,1000.0,90000.0,0
52487,17,1,277,0.001,1000.0,277000.0,0
59827,17,1,133,0.001,1000.0,133000.0,0
56569,17,2,373,2108.0440571308136,0.0009487467746391085,0.17694127347019373,0
53154,17,2,409,3797.883519887924,0.0005266090941248825,0.10769155974853847,0
62323,17,1,164,0.001,1000.0,164000.0,0
58812,17,1,149,0.001,1000.0,149000.0,0
50233,17,1,149,0.001,1000.0,149000.0,0
57279,17,1,149,0.001,1000.0,149000.0,0
61144,17,1,151,0.001,1000.0,151000.0,0
61263,17,1,305,0.001,1000.0,305000.0,0
65219,17,1,280,0.001,1000.0,280000.0,0
52950,17,1,149,0.001,1000.0,149000.0,0
64425,6,16,11964,38.1681010723114,0.41919821920632594,313.45546841153026,27
54699,17,1,203,0.001,1000.0,203000.0,0
59436,17,1,101,0.001,1000.0,101000.0,0
56758,17,1,180,0.001,1000.0,180000.0,0
53426,17,1,224,0.001,1000.0,224000.0,0
58688,17,1,323,0.001,1000.0,323000.0,0
49398,17,2,383,4096.858217000961,0.0004881789639925757,0.09348627160457824,0
62668,17,1,90,0.001,1000.0,90000.0,0
63292,17,1,133,0.001,1000.0,133000.0,0
55792,17,1,90,0.001,1000.0,90000.0,0
64215,17,1,90,0.001,1000.0,90000.0,0
59533,17,1,161,0.001,1000.0,161000.0,0
49915,6,17,10309,4.12031888961792,4.125894246398104,2501.9908109481207,27
60069,17,1,255,0.001,1000.0,255000.0,0
52535,17,1,240,0.001,1000.0,240000.0,0
58458,17,2,398,1215.4312510490417,0.0016455064803326351,0.32745578958619437,0
5353,17,26,2551,36.97051382064819,0.7032631498207332,69.0009344304881,0
49916,6,5,4434,0.6297950744628906,7.939090352944027,7040.385324990763,26
49917,6,14,8024,0.8860988616943359,15.799591451037625,9055.422985937565,26
49918,6,14,7875,1.1640958786010742,12.026500786880357,6764.906692620201,26
5353,17,1,119,0.001,1000.0,119000.0,0
51126,17,1,224,0.001,1000.0,224000.0,0
64432,6,55,8152,4029.823390007019,0.013648240797943308,2.022917436087888,26
60570,17,1,224,0.001,1000.0,224000.0,0
59234,17,1,206,0.001,1000.0,206000.0,0
57621,17,4,328,9.113295078277588,0.4389191796866518,35.99137273430545,0
51451,17,1,149,0.001,1000.0,149000.0,0
60340,17,1,149,0.001,1000.0,149000.0,0
58683,17,1,149,0.001,1000.0,149000.0,0
52178,17,2,204,1.9073486328125e-06,1048576.0,106954752.0,0
55610,17,2,302,1.9073486328125e-06,1048576.0,158334976.0,0
54247,17,2,554,4.0531158447265625e-06,493447.5294117647,136684965.6470588,0
57120,17,2,372,9.5367431640625e-07,2097152.0,390070272.0,0
57951,17,2,202,1.9073486328125e-06,1048576.0,105906176.0,0
60974,17,2,266,9.5367431640625e-07,2097152.0,278921216.0,0
60981,17,1,149,0.001,1000.0,149000.0,0
59938,17,1,149,0.001,1000.0,149000.0,0
53863,17,1,151,0.001,1000.0,151000.0,0
53584,17,1,186,0.001,1000.0,186000.0,0
53440,17,1,277,0.001,1000.0,277000.0,0
64450,17,1,133,0.001,1000.0,133000.0,0
64605,17,1,101,0.001,1000.0,101000.0,0
65407,17,1,126,0.001,1000.0,126000.0,0
53425,17,1,154,0.001,1000.0,154000.0,0
49387,17,1,144,0.001,1000.0,144000.0,0
56184,17,1,90,0.001,1000.0,90000.0,0
60591,17,1,165,0.001,1000.0,165000.0,0
61651,17,1,90,0.001,1000.0,90000.0,0
63664,17,1,203,0.001,1000.0,203000.0,0
54338,17,1,219,0.001,1000.0,219000.0,0
63017,17,1,128,0.001,1000.0,128000.0,0
61990,17,1,137,0.001,1000.0,137000.0,0
46072,17,1,205,0.001,1000.0,205000.0,0
49932,6,9,2730,0.08805990219116211,102.20315689725193,31001.624258833086,26
49933,6,12,7417,0.08639979362487793,138.88922063981323,85845.11245712456,26
49934,6,12,7417,0.08790707588195801,136.50778256023042,84373.18527076909,26
49931,6,12,7233,0.13347101211547852,89.90716268501549,54191.54230839309,26
51041,17,1,224,0.001,1000.0,224000.0,0
64793,17,1,206,0.001,1000.0,206000.0,0
59357,17,1,164,0.001,1000.0,164000.0,0
57788,17,1,90,0.001,1000.0,90000.0,0
51192,17,1,90,0.001,1000.0,90000.0,0
58852,17,1,149,0.001,1000.0,149000.0,0
54588,17,1,149,0.001,1000.0,149000.0,0
58912,17,1,149,0.001,1000.0,149000.0,0
57865,17,1,101,0.001,1000.0,101000.0,0
61900,17,1,203,0.001,1000.0,203000.0,0
63998,17,1,144,0.001,1000.0,144000.0,0
57020,17,1,186,0.001,1000.0,186000.0,0
59846,17,1,133,0.001,1000.0,133000.0,0
443,6,73,16691,2943.0432229042053,0.02480425684267163,5.671340424123728,31
49935,6,11,7425,0.8193778991699219,13.424819013477967,9061.752834097628,26
51709,17,1,224,0.001,1000.0,224000.0,0
64477,17,1,206,0.001,1000.0,206000.0,0
61823,17,1,164,0.001,1000.0,164000.0,0
53444,17,1,149,0.001,1000.0,149000.0,0
56939,17,1,149,0.001,1000.0,149000.0,0
58009,17,1,149,0.001,1000.0,149000.0,0
55397,17,1,203,0.001,1000.0,203000.0,0
53795,17,1,101,0.001,1000.0,101000.0,0
60537,17,1,186,0.001,1000.0,186000.0,0
61576,17,1,277,0.001,1000.0,277000.0,0
58734,17,1,144,0.001,1000.0,144000.0,0
62673,17,1,133,0.001,1000.0,133000.0,0
5353,17,20,3266,2620.4945130348206,0.007632147253320444,1.2463296464672284,0
54203,17,1,149,0.001,1000.0,149000.0,0
60025,17,1,149,0.001,1000.0,149000.0,0
57857,17,1,149,0.001,1000.0,149000.0,0
56180,17,1,126,0.001,1000.0,126000.0,0
61878,17,1,154,0.001,1000.0,154000.0,0
61286,17,1,101,0.001,1000.0,101000.0,0
63077,17,1,144,0.001,1000.0,144000.0,0
51221,17,1,186,0.001,1000.0,186000.0,0
64021,17,1,277,0.001,1000.0,277000.0,0
52826,17,1,133,0.001,1000.0,133000.0,0
62930,17,1,224,0.001,1000.0,224000.0,0
50189,17,1,206,0.001,1000.0,206000.0,0
51383,17,1,164,0.001,1000.0,164000.0,0
63688,17,1,128,0.001,1000.0,128000.0,0
49948,6,12,5698,0.1546640396118164,77.58752474148615,36841.142998082345,26
49200,17,1,149,0.001,1000.0,149000.0,0
55425,17,1,149,0.001,1000.0,149000.0,0
62384,17,1,149,0.001,1000.0,149000.0,0
57593,17,1,151,0.001,1000.0,151000.0,0
52238,17,1,101,0.001,1000.0,101000.0,0
49190,17,1,180,0.001,1000.0,180000.0,0
60766,17,1,203,0.001,1000.0,203000.0,0
58963,17,1,224,0.001,1000.0,224000.0,0
50587,17,1,305,0.001,1000.0,305000.0,0
51462,17,1,280,0.001,1000.0,280000.0,0
60142,17,1,149,0.001,1000.0,149000.0,0
55681,17,1,161,0.001,1000.0,161000.0,0
64448,6,16,12324,0.07730603218078613,206.9696186525621,159418.34876713596,26
55347,17,1,133,0.001,1000.0,133000.0,0
49962,6,15,7591,4.21567702293396,3.5581473434510262,1800.659765609116,27
49961,6,15,7406,4.215667009353638,3.558155795208279,1756.7801212875008,27
49964,6,18,10374,4.215672969818115,4.269780917274664,2460.8170686559647,27
49965,6,15,7406,4.21408486366272,3.5594916773846315,1757.439690847372,27
49963,6,10,4409,0.3569788932800293,28.012860671164606,12350.870269916475,26
51210,17,1,255,0.001,1000.0,255000.0,0
59876,17,1,240,0.001,1000.0,240000.0,0
64135,17,1,164,0.001,1000.0,164000.0,0
57792,17,1,135,0.001,1000.0,135000.0,0
34432,17,1,215,0.001,1000.0,215000.0,0
34827,17,1,260,0.001,1000.0,260000.0,0
51021,17,1,149,0.001,1000.0,149000.0,0
51014,17,1,149,0.001,1000.0,149000.0,0
58391,17,1,149,0.001,1000.0,149000.0,0
50342,17,1,154,0.001,1000.0,154000.0,0
33267,17,1,170,0.001,1000.0,170000.0,0
33176,17,1,218,0.001,1000.0,218000.0,0
11940,17,1,268,0.001,1000.0,268000.0,0
51793,17,1,268,0.001,1000.0,268000.0,0
54249,17,1,222,0.001,1000.0,222000.0,0
61682,17,1,224,0.001,1000.0,224000.0,0
63699,17,1,206,0.001,1000.0,206000.0,0
32421,17,1,214,0.001,1000.0,214000.0,0
443,6,15,4429,10.92332410812378,1.3732083614404849,405.4626555213271,27
443,6,19,3576,60.8726851940155,0.3121268585317462,58.745560321553924,27
54778,17,1,150,0.001,1000.0,150000.0,0
52192,17,1,164,0.001,1000.0,164000.0,0
64453,6,40,40997,120.44472289085388,0.33210255327041355,340.3802094106786,31
54670,17,1,203,0.001,1000.0,203000.0,0
60655,17,1,144,0.001,1000.0,144000.0,0
49712,17,1,186,0.001,1000.0,186000.0,0
61557,17,1,277,0.001,1000.0,277000.0,0
49967,6,26,17931,60.88294506072998,0.4270489867739697,294.5159762247712,27
49966,6,16,4848,10.92426586151123,1.4646293126544805,443.7826817343076,27
55961,17,1,133,0.001,1000.0,133000.0,0
49968,6,20,9291,121.10557198524475,0.1651451677420487,76.71818767456872,27
49970,6,8,6601,0.44394397735595703,18.02029176664683,14868.993243954466,27
49971,6,8,6601,0.308243989944458,25.953466283126907,21414.853866865087,27
49969,6,8,6601,0.30824708938598633,25.95320531958833,21414.638539325322,27
56426,17,1,359,0.001,1000.0,359000.0,0
64052,17,1,327,0.001,1000.0,327000.0,0
53479,17,1,273,0.001,1000.0,273000.0,0
52396,17,1,241,0.001,1000.0,241000.0,0
49782,17,1,151,0.001,1000.0,151000.0,0
55972,17,1,151,0.001,1000.0,151000.0,0
443,6,17,4153,120.3494131565094,0.14125536264885818,34.50785418121812,27
443,6,17,4106,120.33391785621643,0.14127355198650487,34.12171790921112,27
64456,6,18,10267,120.34934210777283,0.14956458992423075,85.30998026400428,31
64457,6,19,9923,120.33531999588013,0.1578921300965543,82.46124247095308,31
443,6,25,8431,138.06009697914124,0.18108056235667513,61.06760884916512,26
49972,6,23,8596,173.92628693580627,0.1322399299450863,49.42323642643312,30
5353,17,19,1957,360.1307249069214,0.052758619817597344,5.434137841212526,0
57506,17,1,224,0.001,1000.0,224000.0,0
59311,17,1,206,0.001,1000.0,206000.0,0
12084,17,1,276,0.001,1000.0,276000.0,0
21377,17,1,93,0.001,1000.0,93000.0,0
39227,17,1,167,0.001,1000.0,167000.0,0
62758,17,1,129,0.001,1000.0,129000.0,0
443,17,6821,8386487,322.973797082901,21.119360336991004,25966.462529613058,0
59650,17,621,90269,89.27193212509155,6.956273771803537,1011.1688842301667,0
1179,17,1,127,0.001,1000.0,127000.0,0
49973,6,16,2265,90.03212594985962,0.17771434175519374,25.157686504719614,27
49974,6,28,5490,310.5524399280548,0.09016190633210519,17.678173777259197,26
9405,17,1,170,0.001,1000.0,170000.0,0
35675,17,1,132,0.001,1000.0,132000.0,0
56513,17,1,224,0.001,1000.0,224000.0,0
54638,17,1,206,0.001,1000.0,206000.0,0
37041,17,1,170,0.001,1000.0,170000.0,0
26918,17,1,214,0.001,1000.0,214000.0,0
443,6,24,5064,103.18091106414795,0.23260116384395088,49.078845571073636,27
49975,6,26,7436,103.17896103858948,0.25198935653437976,72.06895596883261,27
28161,17,1,199,0.001,1000.0,199000.0,0
5903,17,1,161,0.001,1000.0,161000.0,0
49976,6,40,6623,302.79016399383545,0.13210468752483773,21.873233636925004,26
11029,17,1,201,0.001,1000.0,201000.0,0
31123,17,1,178,0.001,1000.0,178000.0,0
443,17,36,11467,1.662613868713379,21.652652294942516,6896.97121850294,0
54526,17,49,45608,1.657810926437378,29.55704973262578,27510.978045012176,0
10775,17,1,248,0.001,1000.0,248000.0,0
41251,17,1,276,0.001,1000.0,276000.0,0
55139,17,1,224,0.001,1000.0,224000.0,0
61302,17,1,206,0.001,1000.0,206000.0,0
49977,6,60,69708,90.02338600158691,0.6664934820263518,774.3321274182156,27
58672,17,1,91,0.001,1000.0,91000.0,0
59449,17,1,224,0.001,1000.0,224000.0,0
58811,17,1,206,0.001,1000.0,206000.0,0
51733,17,1,164,0.001,1000.0,164000.0,0
59158,17,1,167,0.001,1000.0,167000.0,0
20197,17,1,179,0.001,1000.0,179000.0,0
443,6,33,7500,204.68622016906738,0.16122238210634088,36.641450478713836,31
49978,6,17,5850,60.63427186012268,0.28036949201298783,96.480089898587,27
61122,17,1,224,0.001,1000.0,224000.0,0
63180,17,1,206,0.001,1000.0,206000.0,0
5353,17,3,393,102.80977296829224,0.02918010528945761,3.8225937929189464,0
60293,17,1,224,0.001,1000.0,224000.0,0
61740,17,1,206,0.001,1000.0,206000.0,0
46947,17,1,170,0.001,1000.0,170000.0,0
20397,17,1,214,0.001,1000.0,214000.0,0
443,6,42,8928,154.43096494674683,0.271966182523583,57.812239942155934,31
49979,6,29,8179,95.66723299026489,0.30313409402100133,85.4942674137162,27
49980,6,13,5484,60.326164960861206,0.21549521685050296,90.90582840062757,27
64752,17,660,96509,167.8666489124298,3.9316922347350785,574.9146755788602,0
29609,17,1,212,0.001,1000.0,212000.0,0
10773,17,1,256,0.001,1000.0,256000.0,0
49981,6,67,12944,166.27046704292297,0.40295791063546993,77.84906261590332,26
59974,17,1,224,0.001,1000.0,224000.0,0
54123,17,1,206,0.001,1000.0,206000.0,0
53220,17,1,212,0.001,1000.0,212000.0,0
49982,6,10,5827,1.0077660083770752,9.922938377435633,5782.096192531744,27
55672,17,1,224,0.001,1000.0,224000.0,0
58972,17,1,206,0.001,1000.0,206000.0,0
17470,17,1,156,0.001,1000.0,156000.0,0
34637,17,1,222,0.001,1000.0,222000.0,0
443,6,43,33246,122.90728783607483,0.34985720340156234,270.49657172763585,31
49983,6,38,10637,122.71742105484009,0.3096544864890741,86.67880981011267,27
64281,17,1,128,0.001,1000.0,128000.0,0
63824,17,1,212,0.001,1000.0,212000.0,0
51501,17,1,90,0.001,1000.0,90000.0,0
2890,17,1,139,0.001,1000.0,139000.0,0
443,6,18,3527,30.611016988754272,0.5880235866261077,115.21995500168231,31
49986,6,20,10190,4.669214963912964,4.283375289973651,2182.379710241575,27
49988,6,17,7927,30.587496042251587,0.5557826628409629,259.15818637295956,27
49987,6,14,7381,0.940910816192627,14.879199770123448,7844.526678805797,27
10186,17,1,166,0.001,1000.0,166000.0,0
42015,17,1,234,0.001,1000.0,234000.0,0
51236,17,1,195,0.001,1000.0,195000.0,0
22255,17,1,137,0.001,1000.0,137000.0,0
63421,17,1,205,0.001,1000.0,205000.0,0
49991,6,36,27096,121.50402402877808,0.296286483412874,223.0049598487565,27
49992,6,11,5578,1.0967590808868408,10.029549963794588,5085.893608913292,31
49993,6,11,6981,21.14768409729004,0.5201515186908617,330.10706836190053,27
49994,6,20,8459,146.51666903495789,0.1365032397455619,57.7340452503854,26
58092,17,1,118,0.001,1000.0,118000.0,0
49995,6,10,5827,0.9321808815002441,10.727531746742203,6250.932748826682,27
51900,17,1,248,0.001,1000.0,248000.0,0
49996,6,10,5654,0.912498950958252,10.958916708340976,6196.1715068959875,27
49997,6,10,5654,0.9125030040740967,10.958868031505116,6196.143985012992,27
49998,6,12,5958,0.9239881038665771,12.987180191805571,6448.134965231467,27
50000,6,10,5654,0.9097940921783447,10.99149806090379,6214.593003635003,27
49999,6,10,5654,0.9162740707397461,10.91376512698497,6170.642802797302,27
50001,6,10,5827,1.0408101081848145,9.607900539551947,5598.52364439692,27
17495,17,1,167,0.001,1000.0,167000.0,0
42304,17,1,179,0.001,1000.0,179000.0,0
443,6,49,21099,97.26213097572327,0.5037931979120471,216.9292384233935,30
50002,6,23,6421,90.27214002609253,0.2547851418317103,71.12936503049617,26
50003,6,13,5484,60.25050592422485,0.2157658230513398,91.0199825856575,27
50004,6,12,7236,1.2911739349365234,9.293867909895457,5604.202349666961,31
50005,6,14,7380,0.814910888671875,17.17979253267423,9056.204920795417,27
20563,17,1,213,0.001,1000.0,213000.0,0
64400,17,1,118,0.001,1000.0,118000.0,0
50006,6,10,5827,1.1316540241241455,8.836623019778148,5149.100233624727,27
52803,17,1,224,0.001,1000.0,224000.0,0
58878,17,1,206,0.001,1000.0,206000.0,0
58079,17,1,91,0.001,1000.0,91000.0,0
61666,17,1,224,0.001,1000.0,224000.0,0
63060,17,1,206,0.001,1000.0,206000.0,0
0,2,2,92,28.367098808288574,0.07050421382589962,3.2431938359913826,0
5353,17,27,9198,31.33291792869568,0.8617135519086955,293.55708335022894,0
56336,17,1,172,0.001,1000.0,172000.0,0
443,6,13,3882,1.2382750511169434,10.498475268700437,3135.0062302380843,27
50007,6,10,5826,1.2056620121002197,8.294198456647365,4832.200020842755,27
51925,17,1,164,0.001,1000.0,164000.0,0
52736,17,1,208,0.001,1000.0,208000.0,0
61675,17,1,177,0.001,1000.0,177000.0,0
53924,17,1,156,0.001,1000.0,156000.0,0
443,6,13,2002,1.429738998413086,9.092568653739686,1400.2555726759117,31
64554,6,10,5904,1.164160966873169,8.589877417775908,5071.463627454896,27
63502,17,1,224,0.001,1000.0,224000.0,0
58489,17,1,206,0.001,1000.0,206000.0,0
7611,17,1,167,0.001,1000.0,167000.0,0
18657,17,1,179,0.001,1000.0,179000.0,0
52001,17,1,212,0.001,1000.0,212000.0,0
43014,17,1,256,0.001,1000.0,256000.0,0
30483,17,1,170,0.001,1000.0,170000.0,0
9395,17,1,214,0.001,1000.0,214000.0,0
443,6,28,7555,20.02216100692749,1.3984504464983698,377.3318972605423,26
50008,6,20,7010,20.13474202156067,0.9933079837121139,348.15444829109595,26
50009,6,9,5143,0.49408507347106934,18.21548652901571,10409.138579858643,26
65295,17,1,224,0.001,1000.0,224000.0,0
50435,17,1,206,0.001,1000.0,206000.0,0
3218,17,1,167,0.001,1000.0,167000.0,0
31976,17,1,129,0.001,1000.0,129000.0,0
3290,17,1,170,0.001,1000.0,170000.0,0
6110,17,1,132,0.001,1000.0,132000.0,0
61373,17,1,212,0.001,1000.0,212000.0,0
443,6,17,4060,10.721949100494385,1.585532615447329,378.6624952185974,27
50010,6,9,5761,0.872006893157959,10.321019329797549,6606.599150995964,27
51147,17,1,105,0.001,1000.0,105000.0,0
50011,6,15,7434,2.2391300201416016,6.699030366736545,3320.0394497546317,31
8778,17,1,199,0.001,1000.0,199000.0,0
64528,17,1,161,0.001,1000.0,161000.0,0
18150,17,1,220,0.001,1000.0,220000.0,0
49486,17,1,179,0.001,1000.0,179000.0,0
63964,17,44,47238,1.774785041809082,24.79173475293082,26616.181051339685,0
443,6,10,3966,0.029006004333496094,344.756205819497,136730.3112280125,26
50012,6,12,6176,0.023405075073242188,512.7093146442833,263874.39393692446,26
